{"Array":[0.000000,1.000000,2.000000,3.000000,4.000000,5.000000,6.000000,7.000000,8.000000,9.000000],"Name":"EliorCohen","Number":12345.000000,"Null":null,"Obj":{}}